id	name	category	address	detail_address	zip_code	sigungu_code	latitude	longitude	phone	user_id	owner_name	business_number	favorites	status	created_at	updated_at
1	09학번식당	KOREAN	충청남도 천안시 동남구 각원사길 36	NULL	00000	44131	36.83048361	127.1758828	00000000	1	관리자	0000000001	0	OPEN	2026-05-31 10:28:22.287996	2026-05-31 10:28:22.287996
2	1003푸드	KOREAN	충청남도 천안시 서북구 서부대로 737	NULL	00000	44133	36.83294233	127.1330678	00000000	1	관리자	0000000002	0	OPEN	2026-05-31 10:28:22.491853	2026-05-31 10:28:22.491853
3	101번지남산돈까스 센터시티점	KOREAN	충청남도 천안시 서북구 공원로 227	NULL	00000	44133	36.80056399	127.1047262	00000000	1	관리자	0000000003	0	OPEN	2026-05-31 10:28:22.639643	2026-05-31 10:28:22.639643
4	153순대	KOREAN	충청남도 천안시 서북구 쌍용대로 289-19	NULL	00000	44133	36.82321539	127.134748	00000000	1	관리자	0000000004	0	OPEN	2026-05-31 10:28:22.756551	2026-05-31 10:28:22.756551
5	1982냉삼집	KOREAN	충청남도 천안시 동남구 충절로 206	NULL	00000	44131	36.80057381	127.1588537	00000000	1	관리자	0000000005	0	OPEN	2026-05-31 10:28:22.858184	2026-05-31 10:28:22.858184
6	1984한우클래식	KOREAN	충청남도 천안시 서북구 검은들1길 12	NULL	00000	44133	36.81070946	127.1100513	00000000	1	관리자	0000000006	0	OPEN	2026-05-31 10:28:22.922571	2026-05-31 10:28:22.922571
7	1986숯불구이 신부점	KOREAN	충청남도 천안시 동남구 먹거리5길 16	NULL	00000	44131	36.81760839	127.1577578	00000000	1	관리자	0000000007	0	OPEN	2026-05-31 10:28:23.007344	2026-05-31 10:28:23.007344
8	1990륭국집	KOREAN	충청남도 천안시 동남구 먹거리10길 5	NULL	00000	44131	36.81799783	127.1543915	00000000	1	관리자	0000000008	0	OPEN	2026-05-31 10:28:23.103525	2026-05-31 10:28:23.103525
9	1공구포차	KOREAN	충청남도 천안시 서북구 불당25로 178	NULL	00000	44133	36.8169717	127.1086065	00000000	1	관리자	0000000009	0	OPEN	2026-05-31 10:28:23.176009	2026-05-31 10:28:23.176009
10	1번가국밥	KOREAN	충청남도 천안시 서북구 서부3길 37	NULL	00000	44133	36.82188304	127.1396897	00000000	1	관리자	0000000010	0	OPEN	2026-05-31 10:28:23.236899	2026-05-31 10:28:23.236899
11	1인용딜리버리	KOREAN	충청남도 천안시 서북구 서부4길 21	NULL	00000	44133	36.82049777	127.1410045	00000000	1	관리자	0000000011	0	OPEN	2026-05-31 10:28:23.303667	2026-05-31 10:28:23.303667
12	1인용딜리버리	KOREAN	충청남도 천안시 서북구 서부8길 15	NULL	00000	44133	36.81918231	127.1382523	00000000	1	관리자	0000000012	0	OPEN	2026-05-31 10:28:23.378632	2026-05-31 10:28:23.378632
13	1톤푸드	KOREAN	충청남도 천안시 동남구 일봉로 87-16	NULL	00000	44131	36.79140842	127.1383606	00000000	1	관리자	0000000013	0	OPEN	2026-05-31 10:28:23.469415	2026-05-31 10:28:23.469415
14	24시명가생고기김치찌개	KOREAN	충청남도 천안시 동남구 청수15길 35-31	NULL	00000	44131	36.78891976	127.1554338	00000000	1	관리자	0000000014	0	OPEN	2026-05-31 10:28:23.548441	2026-05-31 10:28:23.548441
15	24시수육국밥	KOREAN	충청남도 천안시 서북구 월봉로 38	NULL	00000	44133	36.79420626	127.1181261	00000000	1	관리자	0000000015	0	OPEN	2026-05-31 10:28:23.618853	2026-05-31 10:28:23.618853
16	24시얼큰이병천순대	KOREAN	충청남도 천안시 서북구 서부대로 402	NULL	00000	44133	36.80312606	127.1276041	00000000	1	관리자	0000000016	0	OPEN	2026-05-31 10:28:23.691791	2026-05-31 10:28:23.691791
17	24시전주명가콩나물국밥 청수점	KOREAN	충청남도 천안시 동남구 청수6로 35-30	NULL	00000	44131	36.78498576	127.1575948	00000000	1	관리자	0000000017	0	OPEN	2026-05-31 10:28:23.739389	2026-05-31 10:28:23.739389
18	24시전주명가콩나물국밥 쌍용점	KOREAN	충청남도 천안시 서북구 서부대로 295	NULL	00000	44133	36.79398749	127.1275401	00000000	1	관리자	0000000018	0	OPEN	2026-05-31 10:28:23.783183	2026-05-31 10:28:23.783183
19	24시전주콩나물국밥	KOREAN	충청남도 천안시 서북구 두정로 187	NULL	00000	44133	36.83407323	127.1378657	00000000	1	관리자	0000000019	0	OPEN	2026-05-31 10:28:23.861299	2026-05-31 10:28:23.861299
20	24시진양한돈가	KOREAN	충청남도 천안시 서북구 성정공원5로 35	NULL	00000	44133	36.82811673	127.1415296	00000000	1	관리자	0000000020	0	OPEN	2026-05-31 10:28:23.918429	2026-05-31 10:28:23.918429
21	292짬떡	KOREAN	충청남도 천안시 동남구 신부11길 17	NULL	00000	44131	36.81792182	127.1606168	00000000	1	관리자	0000000021	0	OPEN	2026-05-31 10:28:23.962213	2026-05-31 10:28:23.962213
22	292짬떡	KOREAN	충청남도 천안시 서북구 봉정로 222	NULL	00000	44133	36.82172149	127.1438135	00000000	1	관리자	0000000022	0	OPEN	2026-05-31 10:28:24.021892	2026-05-31 10:28:24.021892
23	31순대막국수	KOREAN	충청남도 천안시 동남구 충절로 857	NULL	00000	44131	36.77152823	127.2065072	00000000	1	관리자	0000000023	0	OPEN	2026-05-31 10:28:24.073871	2026-05-31 10:28:24.073871
24	365간장게장	KOREAN	충청남도 천안시 서북구 불당25로 142	NULL	00000	44133	36.81380261	127.1076251	00000000	1	관리자	0000000024	0	OPEN	2026-05-31 10:28:24.149819	2026-05-31 10:28:24.149819
25	36대경집	KOREAN	충청남도 천안시 서북구 쌍용13길 10	NULL	00000	44133	36.80022446	127.118997	00000000	1	관리자	0000000025	0	OPEN	2026-05-31 10:28:24.206985	2026-05-31 10:28:24.206985
26	3분카레	KOREAN	충청남도 천안시 서북구 성정두정로 70	NULL	00000	44133	36.83194076	127.1421621	00000000	1	관리자	0000000026	0	OPEN	2026-05-31 10:28:24.279623	2026-05-31 10:28:24.279623
27	3차대전	KOREAN	충청남도 천안시 서북구 미라11길 23	NULL	00000	44133	36.80452909	127.1303167	00000000	1	관리자	0000000027	0	OPEN	2026-05-31 10:28:24.351759	2026-05-31 10:28:24.351759
28	3층포차	KOREAN	충청남도 천안시 서북구 원두정7길 11	NULL	00000	44133	36.83216307	127.135197	00000000	1	관리자	0000000028	0	OPEN	2026-05-31 10:28:24.410989	2026-05-31 10:28:24.410989
29	523막창	KOREAN	충청남도 천안시 서북구 쌍용7길 18	NULL	00000	44133	36.80137683	127.1204116	00000000	1	관리자	0000000029	0	OPEN	2026-05-31 10:28:24.478932	2026-05-31 10:28:24.478932
30	5900냥갈비	KOREAN	충청남도 천안시 동남구 가전8길 85	NULL	00000	44131	36.76384853	127.2850034	00000000	1	관리자	0000000030	0	OPEN	2026-05-31 10:28:24.559240	2026-05-31 10:28:24.559240
31	59년왕십리곱창	KOREAN	충청남도 천안시 동남구 수선정길 20	NULL	00000	44131	36.80349233	127.1511236	00000000	1	관리자	0000000031	0	OPEN	2026-05-31 10:28:24.614729	2026-05-31 10:28:24.614729
32	59비벼양많은보쌈양보	KOREAN	충청남도 천안시 서북구 쌍용대로 275	NULL	00000	44133	36.82201293	127.1361318	00000000	1	관리자	0000000032	0	OPEN	2026-05-31 10:28:24.694489	2026-05-31 10:28:24.694489
33	5일장	KOREAN	충청남도 천안시 동남구 개목4길 12	NULL	00000	44131	36.81503976	127.1329149	00000000	1	관리자	0000000033	0	OPEN	2026-05-31 10:28:24.745659	2026-05-31 10:28:24.745659
34	666버거	KOREAN	충청남도 천안시 서북구 미라8길 20	NULL	00000	44133	36.8029221	127.1294071	00000000	1	관리자	0000000034	0	OPEN	2026-05-31 10:28:24.794862	2026-05-31 10:28:24.794862
35	6692양꼬치양갈비	KOREAN	충청남도 천안시 서북구 미라2길 47	NULL	00000	44133	36.80378634	127.1298163	00000000	1	관리자	0000000035	0	OPEN	2026-05-31 10:28:24.840407	2026-05-31 10:28:24.840407
36	67하우스	KOREAN	충청남도 천안시 서북구 불당25로 146	NULL	00000	44133	36.81412658	127.1078661	00000000	1	관리자	0000000036	0	OPEN	2026-05-31 10:28:24.878237	2026-05-31 10:28:24.878237
37	6단지아지트식당	KOREAN	충청남도 천안시 서북구 쌍용대로 289-16	NULL	00000	44133	36.82347132	127.1350729	00000000	1	관리자	0000000037	0	OPEN	2026-05-31 10:28:24.925216	2026-05-31 10:28:24.925216
38	79네수육국밥 천안직영점	KOREAN	충청남도 천안시 서북구 성정공원5로 25	NULL	00000	44133	36.8281465	127.1404295	00000000	1	관리자	0000000038	0	OPEN	2026-05-31 10:28:24.965331	2026-05-31 10:28:24.965331
39	79네수육국밥 쌍용점	KOREAN	충청남도 천안시 서북구 미라2길 53	NULL	00000	44133	36.80421269	127.1298581	00000000	1	관리자	0000000039	0	OPEN	2026-05-31 10:28:25.003555	2026-05-31 10:28:25.003555
40	79네수육국밥과철판 청당점	KOREAN	충청남도 천안시 동남구 청수4로 16	NULL	00000	44131	36.78327896	127.1528823	00000000	1	관리자	0000000040	0	OPEN	2026-05-31 10:28:25.049382	2026-05-31 10:28:25.049382
41	79네수육국밥앤철판 신방점	KOREAN	충청남도 천안시 동남구 수곡로 69	NULL	00000	44131	36.78859762	127.1272555	00000000	1	관리자	0000000041	0	OPEN	2026-05-31 10:28:25.089647	2026-05-31 10:28:25.089647
42	79네수육국밥앤철판 두정점	KOREAN	충청남도 천안시 서북구 원두정6길 3	NULL	00000	44133	36.83169198	127.1335885	00000000	1	관리자	0000000042	0	OPEN	2026-05-31 10:28:25.127974	2026-05-31 10:28:25.127974
43	7프로감성육	KOREAN	충청남도 천안시 동남구 수곡1길 12-8	NULL	00000	44131	36.78931359	127.1275524	00000000	1	관리자	0000000043	0	OPEN	2026-05-31 10:28:25.167205	2026-05-31 10:28:25.167205
44	8889	KOREAN	충청남도 천안시 서북구 불당32길 28-1	NULL	00000	44133	36.80915246	127.1053281	00000000	1	관리자	0000000044	0	OPEN	2026-05-31 10:28:25.203149	2026-05-31 10:28:25.203149
45	8889	KOREAN	충청남도 천안시 서북구 불당31길 46	NULL	00000	44133	36.81058346	127.1046257	00000000	1	관리자	0000000045	0	OPEN	2026-05-31 10:28:25.238030	2026-05-31 10:28:25.238030
46	88부대찌개	KOREAN	충청남도 천안시 동남구 신부11길 17	NULL	00000	44131	36.81791407	127.1606155	00000000	1	관리자	0000000046	0	OPEN	2026-05-31 10:28:25.277659	2026-05-31 10:28:25.277659
47	88수육국밥	KOREAN	충청남도 천안시 동남구 성황로 126	NULL	00000	44131	36.81145398	127.1628358	00000000	1	관리자	0000000047	0	OPEN	2026-05-31 10:28:25.314033	2026-05-31 10:28:25.314033
48	88포장마차 천안신불당점	KOREAN	충청남도 천안시 서북구 불당22대로 92	NULL	00000	44133	36.81534771	127.1087159	00000000	1	관리자	0000000048	0	OPEN	2026-05-31 10:28:25.355256	2026-05-31 10:28:25.355256
49	88푸드	KOREAN	충청남도 천안시 서북구 오성로 103	NULL	00000	44133	36.83043491	127.139018	00000000	1	관리자	0000000049	0	OPEN	2026-05-31 10:28:25.400770	2026-05-31 10:28:25.400770
50	8도스트리트	KOREAN	충청남도 천안시 서북구 성정공원1길 14-3	NULL	00000	44133	36.82698389	127.1395388	00000000	1	관리자	0000000050	0	OPEN	2026-05-31 10:28:25.442490	2026-05-31 10:28:25.442490
51	989소곱창 본점	KOREAN	충청남도 천안시 서북구 두정역서2길 6	NULL	00000	44133	36.83564516	127.1479654	00000000	1	관리자	0000000051	0	OPEN	2026-05-31 10:28:25.487875	2026-05-31 10:28:25.487875
52	DC365	KOREAN	충청남도 천안시 동남구 삼방로 144	NULL	00000	44131	36.78082313	127.233666	00000000	1	관리자	0000000052	0	OPEN	2026-05-31 10:28:25.541658	2026-05-31 10:28:25.541658
53	MR송테이블	KOREAN	충청남도 천안시 동남구 터미널3길 28	NULL	00000	44131	36.8216748	127.1588523	00000000	1	관리자	0000000053	0	OPEN	2026-05-31 10:28:25.578172	2026-05-31 10:28:25.578172
54	OK장어	KOREAN	충청남도 천안시 서북구 선영10길 7-3	NULL	00000	44133	36.81767287	127.1431978	00000000	1	관리자	0000000054	0	OPEN	2026-05-31 10:28:25.614900	2026-05-31 10:28:25.614900
55	가던집	KOREAN	충청남도 천안시 서북구 원두정8길 31	NULL	00000	44133	36.83263677	127.1368979	00000000	1	관리자	0000000055	0	OPEN	2026-05-31 10:28:25.650246	2026-05-31 10:28:25.650246
56	가든플레이스	KOREAN	충청남도 천안시 동남구 수신로 576	NULL	00000	44131	36.73915279	127.2867611	00000000	1	관리자	0000000056	0	OPEN	2026-05-31 10:28:25.692931	2026-05-31 10:28:25.692931
57	가락동리어커포차	KOREAN	충청남도 천안시 서북구 성정두정로 19	NULL	00000	44133	36.82723397	127.1407662	00000000	1	관리자	0000000057	0	OPEN	2026-05-31 10:28:25.724325	2026-05-31 10:28:25.724325
58	가람회관	KOREAN	충청남도 천안시 서북구 미라11길 23	NULL	00000	44133	36.80452909	127.1303167	00000000	1	관리자	0000000058	0	OPEN	2026-05-31 10:28:25.762986	2026-05-31 10:28:25.762986
59	가마솥곰탕	KOREAN	충청남도 천안시 동남구 터미널5길 5	NULL	00000	44131	36.82039944	127.1594607	00000000	1	관리자	0000000059	0	OPEN	2026-05-31 10:28:25.801121	2026-05-31 10:28:25.801121
60	가마솥삼계탕	KOREAN	충청남도 천안시 서북구 불당2길 22	NULL	00000	44133	36.80353284	127.107409	00000000	1	관리자	0000000060	0	OPEN	2026-05-31 10:28:25.839649	2026-05-31 10:28:25.839649
61	가마솥십팔족	KOREAN	충청남도 천안시 동남구 개목4길 12	NULL	00000	44131	36.81508234	127.1329236	00000000	1	관리자	0000000061	0	OPEN	2026-05-31 10:28:25.877221	2026-05-31 10:28:25.877221
62	가마솥쌈밥	KOREAN	충청남도 천안시 서북구 차돌들길 7-3	NULL	00000	44133	36.79727003	127.1292488	00000000	1	관리자	0000000062	0	OPEN	2026-05-31 10:28:25.916920	2026-05-31 10:28:25.916920
63	가마솥찐곰탕	KOREAN	충청남도 천안시 서북구 성거길 169	NULL	00000	44133	36.87994536	127.2051816	00000000	1	관리자	0000000063	0	OPEN	2026-05-31 10:28:25.957888	2026-05-31 10:28:25.957888
64	가마솥흑염소	KOREAN	충청남도 천안시 동남구 수신로 722	NULL	00000	44131	36.75260791	127.2940242	00000000	1	관리자	0000000064	0	OPEN	2026-05-31 10:28:25.998682	2026-05-31 10:28:25.998682
65	가마실들깨칼국수랑수제비	KOREAN	충청남도 천안시 동남구 원거리11길 42	NULL	00000	44131	36.80103796	127.1576257	00000000	1	관리자	0000000065	0	OPEN	2026-05-31 10:28:26.040181	2026-05-31 10:28:26.040181
66	가마쏙반계탕	KOREAN	충청남도 천안시 서북구 신덕4길 10	NULL	00000	44133	36.90341954	127.2201661	00000000	1	관리자	0000000066	0	OPEN	2026-05-31 10:28:26.081083	2026-05-31 10:28:26.081083
67	가마집설렁탕	KOREAN	충청남도 천안시 서북구 불당3길 19	NULL	00000	44133	36.80291229	127.1083156	00000000	1	관리자	0000000067	0	OPEN	2026-05-31 10:28:26.126720	2026-05-31 10:28:26.126720
68	가마치통닭	KOREAN	충청남도 천안시 서북구 부성7길 3	NULL	00000	44133	36.83722891	127.1342219	00000000	1	관리자	0000000068	0	OPEN	2026-05-31 10:28:26.169011	2026-05-31 10:28:26.169011
69	가볍게먹는곳	KOREAN	충청남도 천안시 서북구 미라8길 17	NULL	00000	44133	36.80329471	127.1294197	00000000	1	관리자	0000000069	0	OPEN	2026-05-31 10:28:26.207716	2026-05-31 10:28:26.207716
70	가볍게먹는집	KOREAN	충청남도 천안시 서북구 쌍용15길 72	NULL	00000	44133	36.79640608	127.1248854	00000000	1	관리자	0000000070	0	OPEN	2026-05-31 10:28:26.246837	2026-05-31 10:28:26.246837
71	가보자반찬	KOREAN	충청남도 천안시 서북구 쌍용대로 289-11	NULL	00000	44133	36.82319244	127.1352316	00000000	1	관리자	0000000071	0	OPEN	2026-05-31 10:28:26.288869	2026-05-31 10:28:26.288869
72	가보자쌈밥	KOREAN	충청남도 천안시 동남구 수신로 740	NULL	00000	44131	36.75389686	127.2952318	00000000	1	관리자	0000000072	0	OPEN	2026-05-31 10:28:26.334974	2026-05-31 10:28:26.334974
73	가보자칼국수	KOREAN	충청남도 천안시 서북구 성정11길 24	NULL	00000	44133	36.81512047	127.1372423	00000000	1	관리자	0000000073	0	OPEN	2026-05-31 10:28:26.385302	2026-05-31 10:28:26.385302
74	가야밀면	KOREAN	충청남도 천안시 동남구 상사길 16-2	NULL	00000	44131	36.67264774	127.0452343	00000000	1	관리자	0000000074	0	OPEN	2026-05-31 10:28:26.439749	2026-05-31 10:28:26.439749
75	가야밥상	KOREAN	충청남도 천안시 서북구 불당32길 36	NULL	00000	44133	36.80934969	127.1042397	00000000	1	관리자	0000000075	0	OPEN	2026-05-31 10:28:26.494564	2026-05-31 10:28:26.494564
76	가야부대볶음	KOREAN	충청남도 천안시 동남구 충절로 1771	NULL	00000	44131	36.76262072	127.3014497	00000000	1	관리자	0000000076	0	OPEN	2026-05-31 10:28:26.533546	2026-05-31 10:28:26.533546
77	가야숯불갈비	KOREAN	충청남도 천안시 서북구 두정상가8길 16	NULL	00000	44133	36.83227191	127.1395797	00000000	1	관리자	0000000077	0	OPEN	2026-05-31 10:28:26.576374	2026-05-31 10:28:26.576374
78	가야시골밥상	KOREAN	충청남도 천안시 서북구 미라10길 14	NULL	00000	44133	36.80394701	127.1295637	00000000	1	관리자	0000000078	0	OPEN	2026-05-31 10:28:26.606500	2026-05-31 10:28:26.606500
79	가야족발보쌈	KOREAN	충청남도 천안시 동남구 풍세로 920	NULL	00000	44131	36.79011468	127.1486321	00000000	1	관리자	0000000079	0	OPEN	2026-05-31 10:28:26.644318	2026-05-31 10:28:26.644318
80	가장맛있는족발 천안구성점	KOREAN	충청남도 천안시 동남구 청수3길 2	NULL	00000	44131	36.79629388	127.1525245	00000000	1	관리자	0000000080	0	OPEN	2026-05-31 10:28:26.689375	2026-05-31 10:28:26.689375
81	가장맛있는족발 불당점	KOREAN	충청남도 천안시 서북구 검은들1길 20	NULL	00000	44133	36.81139674	127.1101619	00000000	1	관리자	0000000081	0	OPEN	2026-05-31 10:28:26.731360	2026-05-31 10:28:26.731360
82	가장맛있는족발 천안신방점	KOREAN	충청남도 천안시 동남구 수곡로 67	NULL	00000	44131	36.78876926	127.1269697	00000000	1	관리자	0000000082	0	OPEN	2026-05-31 10:28:26.772675	2026-05-31 10:28:26.772675
83	가장맛있는족발 천안두정점	KOREAN	충청남도 천안시 서북구 원두정8길 8	NULL	00000	44133	36.83245416	127.1341709	00000000	1	관리자	0000000083	0	OPEN	2026-05-31 10:28:26.806035	2026-05-31 10:28:26.806035
84	가장맛있는족발	KOREAN	충청남도 천안시 서북구 도원8길 38	NULL	00000	44133	36.82068024	127.1357897	00000000	1	관리자	0000000084	0	OPEN	2026-05-31 10:28:26.848698	2026-05-31 10:28:26.848698
85	가장맛있는족발 성성지구점	KOREAN	충청남도 천안시 서북구 성성5로 125	NULL	00000	44133	36.84408838	127.135798	00000000	1	관리자	0000000085	0	OPEN	2026-05-31 10:28:26.884222	2026-05-31 10:28:26.884222
86	가장맛있는족발 천안성환점	KOREAN	충청남도 천안시 서북구 신선동길 22	NULL	00000	44133	36.91289664	127.1301707	00000000	1	관리자	0000000086	0	OPEN	2026-05-31 10:28:26.921433	2026-05-31 10:28:26.921433
87	가장맛있는족발 천안차암점	KOREAN	충청남도 천안시 서북구 밤개울1길 21	NULL	00000	44133	36.83953062	127.1023279	00000000	1	관리자	0000000087	0	OPEN	2026-05-31 10:28:26.987187	2026-05-31 10:28:26.987187
88	가장맛있는족발 천안신부점	KOREAN	충청남도 천안시 동남구 터미널8길 17	NULL	00000	44131	36.82203172	127.159017	00000000	1	관리자	0000000088	0	OPEN	2026-05-31 10:28:27.030119	2026-05-31 10:28:27.030119
89	가장맛있는족발 천안쌍용점	KOREAN	충청남도 천안시 서북구 미라11길 19	NULL	00000	44133	36.80460096	127.1299189	00000000	1	관리자	0000000089	0	OPEN	2026-05-31 10:28:27.070808	2026-05-31 10:28:27.070808
90	가장맛있는족발 천안목천점	KOREAN	충청남도 천안시 동남구 충절로 880	NULL	00000	44131	36.77227482	127.2085596	00000000	1	관리자	0000000090	0	OPEN	2026-05-31 10:28:27.113478	2026-05-31 10:28:27.113478
91	가장맛있는족발 천안청수점	KOREAN	충청남도 천안시 동남구 청수6로 35-10	NULL	00000	44131	36.78426687	127.1584845	00000000	1	관리자	0000000091	0	OPEN	2026-05-31 10:28:27.151775	2026-05-31 10:28:27.151775
92	가장맛있는족발	KOREAN	충청남도 천안시 서북구 밤개울2길 1-17	NULL	00000	44133	36.83967694	127.1028722	00000000	1	관리자	0000000092	0	OPEN	2026-05-31 10:28:27.185854	2026-05-31 10:28:27.185854
93	가장맛있는족발족과의동침	KOREAN	충청남도 천안시 동남구 청수7로 9-5	NULL	00000	44131	36.78330609	127.1603144	00000000	1	관리자	0000000093	0	OPEN	2026-05-31 10:28:27.231695	2026-05-31 10:28:27.231695
94	가정식백반	KOREAN	충청남도 천안시 동남구 원성2교길 33	NULL	00000	44131	36.80366739	127.1562616	00000000	1	관리자	0000000094	0	OPEN	2026-05-31 10:28:27.280027	2026-05-31 10:28:27.280027
95	가정식백반	KOREAN	충청남도 천안시 서북구 도림길 15	NULL	00000	44133	36.914394	127.2442304	00000000	1	관리자	0000000095	0	OPEN	2026-05-31 10:28:27.329930	2026-05-31 10:28:27.329930
96	가정식백반	KOREAN	충청남도 천안시 서북구 상덕로 185	NULL	00000	44133	36.88308666	127.123677	00000000	1	관리자	0000000096	0	OPEN	2026-05-31 10:28:27.373378	2026-05-31 10:28:27.373378
97	간월도	KOREAN	충청남도 천안시 서북구 불당8길 14	NULL	00000	44133	36.80242741	127.1075024	00000000	1	관리자	0000000097	0	OPEN	2026-05-31 10:28:27.404181	2026-05-31 10:28:27.404181
98	간이역구이	KOREAN	충청남도 천안시 서북구 백석로 198	NULL	00000	44133	36.81887657	127.131601	00000000	1	관리자	0000000098	0	OPEN	2026-05-31 10:28:27.442215	2026-05-31 10:28:27.442215
99	간판없는고깃집	KOREAN	충청남도 천안시 동남구 문암로 63	NULL	00000	44131	36.84062216	127.1802322	00000000	1	관리자	0000000099	0	OPEN	2026-05-31 10:28:27.484224	2026-05-31 10:28:27.484224
100	갈담	KOREAN	충청남도 천안시 서북구 불당30길 7-1	NULL	00000	44133	36.81051879	127.1031557	00000000	1	관리자	0000000100	0	OPEN	2026-05-31 10:28:27.522033	2026-05-31 10:28:27.522033
101	갈뫼정	KOREAN	충청남도 천안시 동남구 교천지산길 170-13	NULL	00000	44131	36.78341609	127.1969275	00000000	1	관리자	0000000101	0	OPEN	2026-05-31 10:28:27.574401	2026-05-31 10:28:27.574401
102	갈비가좋아 두정점	KOREAN	충청남도 천안시 서북구 두정로 146	NULL	00000	44133	36.83359898	127.1331043	00000000	1	관리자	0000000102	0	OPEN	2026-05-31 10:28:27.626010	2026-05-31 10:28:27.626010
103	갈비먹으면돼지	KOREAN	충청남도 천안시 동남구 각원사길 181	NULL	00000	44131	36.83354396	127.1897603	00000000	1	관리자	0000000103	0	OPEN	2026-05-31 10:28:27.671808	2026-05-31 10:28:27.671808
104	갈비살신	KOREAN	충청남도 천안시 동남구 수곡1길 12	NULL	00000	44131	36.78940239	127.1270656	00000000	1	관리자	0000000104	0	OPEN	2026-05-31 10:28:27.712878	2026-05-31 10:28:27.712878
105	갈비살의신 신방점	KOREAN	충청남도 천안시 동남구 수곡1길 8-5	NULL	00000	44131	36.78917543	127.1273317	00000000	1	관리자	0000000105	0	OPEN	2026-05-31 10:28:27.760089	2026-05-31 10:28:27.760089
106	갈비살의신	KOREAN	충청남도 천안시 동남구 수곡1길 7	NULL	00000	44131	36.78954168	127.1261481	00000000	1	관리자	0000000106	0	OPEN	2026-05-31 10:28:27.790974	2026-05-31 10:28:27.790974
107	갈비삼국지	KOREAN	충청남도 천안시 서북구 성정공원5로 30	NULL	00000	44133	36.82766014	127.1407828	00000000	1	관리자	0000000107	0	OPEN	2026-05-31 10:28:27.831672	2026-05-31 10:28:27.831672
108	갈비씨	KOREAN	충청남도 천안시 동남구 수곡2길 12	NULL	00000	44131	36.78920459	127.1282089	00000000	1	관리자	0000000108	0	OPEN	2026-05-31 10:28:27.875474	2026-05-31 10:28:27.875474
109	갈비와	KOREAN	충청남도 천안시 동남구 청수11로 13-21	NULL	00000	44131	36.78383601	127.1535117	00000000	1	관리자	0000000109	0	OPEN	2026-05-31 10:28:27.915708	2026-05-31 10:28:27.915708
110	갈비일번지 목천본점	KOREAN	충청남도 천안시 동남구 신계5길 8	NULL	00000	44131	36.77551996	127.2165079	00000000	1	관리자	0000000110	0	OPEN	2026-05-31 10:28:27.956433	2026-05-31 10:28:27.956433
111	갈비장인애	KOREAN	충청남도 천안시 서북구 성정중6길 4	NULL	00000	44133	36.82812527	127.1339739	00000000	1	관리자	0000000111	0	OPEN	2026-05-31 10:28:28.003016	2026-05-31 10:28:28.003016
112	갈비정원	KOREAN	충청남도 천안시 동남구 새말1길 51-6	NULL	00000	44131	36.7885486	127.1320126	00000000	1	관리자	0000000112	0	OPEN	2026-05-31 10:28:28.040264	2026-05-31 10:28:28.040264
113	갈비집 천안두정점	KOREAN	충청남도 천안시 서북구 원두정10길 7	NULL	00000	44133	36.83349789	127.1350266	00000000	1	관리자	0000000113	0	OPEN	2026-05-31 10:28:28.636935	2026-05-31 10:28:28.636935
114	갈비타령	KOREAN	충청남도 천안시 서북구 늘푸른3길 27	NULL	00000	44133	36.82641038	127.1300899	00000000	1	관리자	0000000114	0	OPEN	2026-05-31 10:28:28.686205	2026-05-31 10:28:28.686205
115	갈비퐁당	KOREAN	충청남도 천안시 서북구 성정14길 7	NULL	00000	44133	36.81776107	127.1370451	00000000	1	관리자	0000000115	0	OPEN	2026-05-31 10:28:28.745504	2026-05-31 10:28:28.745504
116	갈비회관 천안쌍용점	KOREAN	충청남도 천안시 서북구 쌍용7길 13	NULL	00000	44133	36.80159937	127.1200632	00000000	1	관리자	0000000116	0	OPEN	2026-05-31 10:28:28.793823	2026-05-31 10:28:28.793823
117	갈통삼	KOREAN	충청남도 천안시 서북구 성정1길 39	NULL	00000	44133	36.81730929	127.1359627	00000000	1	관리자	0000000117	0	OPEN	2026-05-31 10:28:28.840051	2026-05-31 10:28:28.840051
118	갈통삼 천안불당점	KOREAN	충청남도 천안시 서북구 불당13길 18	NULL	00000	44133	36.80530161	127.1152979	00000000	1	관리자	0000000118	0	OPEN	2026-05-31 10:28:28.882189	2026-05-31 10:28:28.882189
119	갈통삼 성정점	KOREAN	충청남도 천안시 서북구 서부14길 36	NULL	00000	44133	36.82141713	127.1403313	00000000	1	관리자	0000000119	0	OPEN	2026-05-31 10:28:28.930960	2026-05-31 10:28:28.930960
120	감고울한식뷔페	KOREAN	충청남도 천안시 서북구 연곡길 172-10	NULL	00000	44133	36.9273114	127.2096945	00000000	1	관리자	0000000120	0	OPEN	2026-05-31 10:28:28.979197	2026-05-31 10:28:28.979197
121	감나무골	KOREAN	충청남도 천안시 서북구 불당24로 45-7	NULL	00000	44133	36.82287876	127.1071414	00000000	1	관리자	0000000121	0	OPEN	2026-05-31 10:28:29.023095	2026-05-31 10:28:29.023095
122	감나무집	KOREAN	충청남도 천안시 동남구 통정12로 65	NULL	00000	44131	36.7766763	127.1348437	00000000	1	관리자	0000000122	0	OPEN	2026-05-31 10:28:29.060923	2026-05-31 10:28:29.060923
123	감나무집	KOREAN	충청남도 천안시 동남구 유량로 133	NULL	00000	44131	36.80998116	127.1737589	00000000	1	관리자	0000000123	0	OPEN	2026-05-31 10:28:29.110884	2026-05-31 10:28:29.110884
124	감동식혜	KOREAN	충청남도 천안시 서북구 성정공원6길 37	NULL	00000	44133	36.82872138	127.141751	00000000	1	관리자	0000000124	0	OPEN	2026-05-31 10:28:29.160109	2026-05-31 10:28:29.160109
125	감성낙곱새 천안점	KOREAN	충청남도 천안시 서북구 도원6길 28	NULL	00000	44133	36.81996413	127.1345037	00000000	1	관리자	0000000125	0	OPEN	2026-05-31 10:28:29.200042	2026-05-31 10:28:29.200042
126	감성낙곱새	KOREAN	충청남도 천안시 동남구 대흥로 228	NULL	00000	44131	36.80838004	127.1481084	00000000	1	관리자	0000000126	0	OPEN	2026-05-31 10:28:29.235561	2026-05-31 10:28:29.235561
127	감성닭발 불당점	KOREAN	충청남도 천안시 서북구 불당25로 154	NULL	00000	44133	36.81491718	127.1079523	00000000	1	관리자	0000000127	0	OPEN	2026-05-31 10:28:29.270626	2026-05-31 10:28:29.270626
128	감성닭발	KOREAN	충청남도 천안시 서북구 한들1로 157	NULL	00000	44133	36.83672971	127.1196089	00000000	1	관리자	0000000128	0	OPEN	2026-05-31 10:28:29.316375	2026-05-31 10:28:29.316375
129	감성닭발 천안쌍용점	KOREAN	충청남도 천안시 서북구 쌍용13길 18-2	NULL	00000	44133	36.80033614	127.1191613	00000000	1	관리자	0000000129	0	OPEN	2026-05-31 10:28:29.369009	2026-05-31 10:28:29.369009
130	감성닭발	KOREAN	충청남도 천안시 서북구 쌍용9길 10	NULL	00000	44133	36.80201299	127.1205515	00000000	1	관리자	0000000130	0	OPEN	2026-05-31 10:28:29.413177	2026-05-31 10:28:29.413177
131	감성식당온화	KOREAN	충청남도 천안시 서북구 양지9길 14	NULL	00000	44133	36.81242636	127.1399434	00000000	1	관리자	0000000131	0	OPEN	2026-05-31 10:28:29.463294	2026-05-31 10:28:29.463294
132	감성키친 천안불당점	KOREAN	충청남도 천안시 서북구 불당33길 26	NULL	00000	44133	36.81244216	127.1078562	00000000	1	관리자	0000000132	0	OPEN	2026-05-31 10:28:29.507709	2026-05-31 10:28:29.507709
133	감성포차꽃술	KOREAN	충청남도 천안시 동남구 청수11로 13-17	NULL	00000	44131	36.78362298	127.1536021	00000000	1	관리자	0000000133	0	OPEN	2026-05-31 10:28:29.555808	2026-05-31 10:28:29.555808
134	갓신 신방점	KOREAN	충청남도 천안시 동남구 수곡1길 9	NULL	00000	44131	36.78926906	127.1266023	00000000	1	관리자	0000000134	0	OPEN	2026-05-31 10:28:29.592070	2026-05-31 10:28:29.592070
135	강남교자 충청점	KOREAN	충청남도 천안시 동남구 서부대로 531-7	NULL	00000	44131	36.81451098	127.1296925	00000000	1	관리자	0000000135	0	OPEN	2026-05-31 10:28:29.631047	2026-05-31 10:28:29.631047
136	강남돼지엄마	KOREAN	충청남도 천안시 서북구 검은들3길 33	NULL	00000	44133	36.81148496	127.1094125	00000000	1	관리자	0000000136	0	OPEN	2026-05-31 10:28:29.676227	2026-05-31 10:28:29.676227
137	강남족발	KOREAN	충청남도 천안시 서북구 성정공원5로 15	NULL	00000	44133	36.82828099	127.1392075	00000000	1	관리자	0000000137	0	OPEN	2026-05-31 10:28:29.723604	2026-05-31 10:28:29.723604
138	강릉백반	KOREAN	충청남도 천안시 서북구 서부3길 40	NULL	00000	44133	36.82189466	127.1401333	00000000	1	관리자	0000000138	0	OPEN	2026-05-31 10:28:29.769604	2026-05-31 10:28:29.769604
139	강릉집 구성점	KOREAN	충청남도 천안시 동남구 구성12길 1	NULL	00000	44131	36.79609744	127.159691	00000000	1	관리자	0000000139	0	OPEN	2026-05-31 10:28:29.817563	2026-05-31 10:28:29.817563
140	강릉코다리조림	KOREAN	충청남도 천안시 동남구 통정10로 71	NULL	00000	44131	36.77394779	127.1341897	00000000	1	관리자	0000000140	0	OPEN	2026-05-31 10:28:29.850713	2026-05-31 10:28:29.850713
141	강산해	KOREAN	충청남도 천안시 동남구 원거리11길 23	NULL	00000	44131	36.80159276	127.155641	00000000	1	관리자	0000000141	0	OPEN	2026-05-31 10:28:29.883260	2026-05-31 10:28:29.883260
142	강쇠네흑돼지	KOREAN	충청남도 천안시 동남구 통정9로 43-10	NULL	00000	44131	36.77283946	127.1311609	00000000	1	관리자	0000000142	0	OPEN	2026-05-31 10:28:29.919473	2026-05-31 10:28:29.919473
143	강쉐프	KOREAN	충청남도 천안시 서북구 부성6길 37	NULL	00000	44133	36.83580488	127.1378153	00000000	1	관리자	0000000143	0	OPEN	2026-05-31 10:28:29.955316	2026-05-31 10:28:29.955316
144	강씨가문의족발 두정점	KOREAN	충청남도 천안시 서북구 두정상가2길 10	NULL	00000	44133	36.83101042	127.1399724	00000000	1	관리자	0000000144	0	OPEN	2026-05-31 10:28:29.999005	2026-05-31 10:28:29.999005
145	강씨가문의족발	KOREAN	충청남도 천안시 동남구 청수11로 13-21	NULL	00000	44131	36.78383601	127.1535117	00000000	1	관리자	0000000145	0	OPEN	2026-05-31 10:28:30.038744	2026-05-31 10:28:30.038744
146	강씨네손칼국수	KOREAN	충청남도 천안시 동남구 청수로 89	NULL	00000	44131	36.79112463	127.1555144	00000000	1	관리자	0000000146	0	OPEN	2026-05-31 10:28:30.077302	2026-05-31 10:28:30.077302
147	강여사부엌	KOREAN	충청남도 천안시 동남구 청수9로 47	NULL	00000	44131	36.7821741	127.1548589	00000000	1	관리자	0000000147	0	OPEN	2026-05-31 10:28:30.120438	2026-05-31 10:28:30.120438
148	강찜장	KOREAN	충청남도 천안시 서북구 한들1로 56-10	NULL	00000	44133	36.82722184	127.1175703	00000000	1	관리자	0000000148	0	OPEN	2026-05-31 10:28:30.167668	2026-05-31 10:28:30.167668
149	강찜장 성정점	KOREAN	충청남도 천안시 서북구 성정4길 5	NULL	00000	44133	36.81416647	127.1370427	00000000	1	관리자	0000000149	0	OPEN	2026-05-31 10:28:30.210518	2026-05-31 10:28:30.210518
150	강찜장해물찜 두정점	KOREAN	충청남도 천안시 서북구 오성4길 10	NULL	00000	44133	36.83122702	127.1327456	00000000	1	관리자	0000000150	0	OPEN	2026-05-31 10:28:30.245812	2026-05-31 10:28:30.245812
151	강촌마을	KOREAN	충청남도 천안시 동남구 충절로 1162	NULL	00000	44131	36.76933694	127.2365543	00000000	1	관리자	0000000151	0	OPEN	2026-05-31 10:28:30.288253	2026-05-31 10:28:30.288253
152	강촌마을왕우렁쌈밥	KOREAN	충청남도 천안시 동남구 충절로 1162	NULL	00000	44131	36.76933694	127.2365543	00000000	1	관리자	0000000152	0	OPEN	2026-05-31 10:28:30.322560	2026-05-31 10:28:30.322560
153	강촌식당	KOREAN	충청남도 천안시 서북구 성환중앙로 75	NULL	00000	44133	36.91933539	127.1330617	00000000	1	관리자	0000000153	0	OPEN	2026-05-31 10:28:30.362129	2026-05-31 10:28:30.362129
154	개구리반찬앤도시락	KOREAN	충청남도 천안시 서북구 백석3로 131	NULL	00000	44133	36.82197916	127.1244586	00000000	1	관리자	0000000154	0	OPEN	2026-05-31 10:28:30.398131	2026-05-31 10:28:30.398131
155	개미식당	KOREAN	충청남도 천안시 동남구 사직로 40	NULL	00000	44131	36.80380458	127.1493998	00000000	1	관리자	0000000155	0	OPEN	2026-05-31 10:28:30.453416	2026-05-31 10:28:30.453416
156	개미식당	KOREAN	충청남도 천안시 동남구 원성2교길 20	NULL	00000	44131	36.80345844	127.154832	00000000	1	관리자	0000000156	0	OPEN	2026-05-31 10:28:30.492711	2026-05-31 10:28:30.492711
157	개미집	KOREAN	충청남도 천안시 서북구 불당34길 25-6	NULL	00000	44133	36.80763761	127.1056458	00000000	1	관리자	0000000157	0	OPEN	2026-05-31 10:28:30.532578	2026-05-31 10:28:30.532578
158	개성식당	KOREAN	충청남도 천안시 동남구 옛시청길 16	NULL	00000	44131	36.80688054	127.1489324	00000000	1	관리자	0000000158	0	OPEN	2026-05-31 10:28:30.571561	2026-05-31 10:28:30.571561
159	개성식당	KOREAN	충청남도 천안시 동남구 옛시청길 4-1	NULL	00000	44131	36.80701371	127.1476593	00000000	1	관리자	0000000159	0	OPEN	2026-05-31 10:28:30.622982	2026-05-31 10:28:30.622982
160	개성집	KOREAN	충청남도 천안시 서북구 상덕로 247	NULL	00000	44133	36.8881964	127.1248247	00000000	1	관리자	0000000160	0	OPEN	2026-05-31 10:28:30.673114	2026-05-31 10:28:30.673114
161	개성집 천안백석점	KOREAN	충청남도 천안시 서북구 한들2로 62	NULL	00000	44133	36.82812693	127.1198234	00000000	1	관리자	0000000161	0	OPEN	2026-05-31 10:28:30.720779	2026-05-31 10:28:30.720779
162	개성한양족발	KOREAN	충청남도 천안시 동남구 단대로 21	NULL	00000	44131	36.82601926	127.1547375	00000000	1	관리자	0000000162	0	OPEN	2026-05-31 10:28:30.767779	2026-05-31 10:28:30.767779
163	개울가마을회관뒷집	KOREAN	충청남도 천안시 서북구 모시울2길 4	NULL	00000	44133	36.88531004	127.1976563	00000000	1	관리자	0000000163	0	OPEN	2026-05-31 10:28:30.803296	2026-05-31 10:28:30.803296
164	개울목	KOREAN	충청남도 천안시 동남구 위례성로 1288	NULL	00000	44131	36.86993907	127.2683016	00000000	1	관리자	0000000164	0	OPEN	2026-05-31 10:28:30.838166	2026-05-31 10:28:30.838166
165	갤러리카페준	KOREAN	충청남도 천안시 서북구 서부대로 294	NULL	00000	44133	36.79425533	127.1280914	00000000	1	관리자	0000000165	0	OPEN	2026-05-31 10:28:30.872885	2026-05-31 10:28:30.872885
166	갯마을해물탕	KOREAN	충청남도 천안시 동남구 수곡2길 17	NULL	00000	44131	36.78989237	127.128255	00000000	1	관리자	0000000166	0	OPEN	2026-05-31 10:28:30.927766	2026-05-31 10:28:30.927766
167	갯벌의조개 천안신방점	KOREAN	충청남도 천안시 동남구 수곡2길 17-3	NULL	00000	44131	36.78972614	127.1277656	00000000	1	관리자	0000000167	0	OPEN	2026-05-31 10:28:30.980951	2026-05-31 10:28:30.980951
168	갯뻘	KOREAN	충청남도 천안시 동남구 풍세로 769-55	NULL	00000	44131	36.78179504	127.1354011	00000000	1	관리자	0000000168	0	OPEN	2026-05-31 10:28:31.019913	2026-05-31 10:28:31.019913
169	갯뻘	KOREAN	충청남도 천안시 동남구 천안천변길 153	NULL	00000	44131	36.78229557	127.1262354	00000000	1	관리자	0000000169	0	OPEN	2026-05-31 10:28:31.054047	2026-05-31 10:28:31.054047
170	거기갈매기	KOREAN	충청남도 천안시 동남구 통정5로 80	NULL	00000	44131	36.77558356	127.1350266	00000000	1	관리자	0000000170	0	OPEN	2026-05-31 10:28:31.087067	2026-05-31 10:28:31.087067
171	거기고기	KOREAN	충청남도 천안시 동남구 통정9로 46	NULL	00000	44131	36.7720874	127.1303019	00000000	1	관리자	0000000171	0	OPEN	2026-05-31 10:28:31.120519	2026-05-31 10:28:31.120519
172	거래처	KOREAN	충청남도 천안시 서북구 두정역길 15	NULL	00000	44133	36.83564289	127.1472028	00000000	1	관리자	0000000172	0	OPEN	2026-05-31 10:28:31.157657	2026-05-31 10:28:31.157657
173	거명축산	KOREAN	충청남도 천안시 동남구 서부대로 257-32	NULL	00000	44131	36.79174068	127.1280323	00000000	1	관리자	0000000173	0	OPEN	2026-05-31 10:28:31.197680	2026-05-31 10:28:31.197680
174	거북이전복	KOREAN	충청남도 천안시 동남구 봉명로 81	NULL	00000	44131	36.80717109	127.1374274	00000000	1	관리자	0000000174	0	OPEN	2026-05-31 10:28:31.232108	2026-05-31 10:28:31.232108
175	거북이전복 불당직영점	KOREAN	충청남도 천안시 서북구 불당33길 17	NULL	00000	44133	36.81183748	127.1076463	00000000	1	관리자	0000000175	0	OPEN	2026-05-31 10:28:31.269284	2026-05-31 10:28:31.269284
176	거산구이	KOREAN	충청남도 천안시 서북구 두정역길 13	NULL	00000	44133	36.83563857	127.1470505	00000000	1	관리자	0000000176	0	OPEN	2026-05-31 10:28:31.302927	2026-05-31 10:28:31.302927
177	거성한식식당	KOREAN	충청남도 천안시 동남구 가전7길 4	NULL	00000	44131	36.76779167	127.2839006	00000000	1	관리자	0000000177	0	OPEN	2026-05-31 10:28:31.339848	2026-05-31 10:28:31.339848
178	건강한밥상	KOREAN	충청남도 천안시 동남구 순천향4길 27	NULL	00000	44131	36.80158962	127.1343815	00000000	1	관리자	0000000178	0	OPEN	2026-05-31 10:28:31.395498	2026-05-31 10:28:31.395498
179	건강한밥상앤반찬전문점	KOREAN	충청남도 천안시 서북구 월봉로 38	NULL	00000	44133	36.79408003	127.1181717	00000000	1	관리자	0000000179	0	OPEN	2026-05-31 10:28:31.435532	2026-05-31 10:28:31.435532
180	게랑회랑	KOREAN	충청남도 천안시 동남구 충무로 18-3	NULL	00000	44131	36.78443426	127.1149963	00000000	1	관리자	0000000180	0	OPEN	2026-05-31 10:28:31.473028	2026-05-31 10:28:31.473028
181	게랑회랑	KOREAN	충청남도 천안시 서북구 미라16길 5	NULL	00000	44133	36.80784193	127.1280462	00000000	1	관리자	0000000181	0	OPEN	2026-05-31 10:28:31.525290	2026-05-31 10:28:31.525290
182	게이트하우스	KOREAN	충청남도 천안시 동남구 광덕로 375-5	NULL	00000	44131	36.68541596	127.1415288	00000000	1	관리자	0000000182	0	OPEN	2026-05-31 10:28:31.562874	2026-05-31 10:28:31.562874
183	겨울여행어시장	KOREAN	충청남도 천안시 동남구 단대로 96	NULL	00000	44131	36.82993281	127.1613923	00000000	1	관리자	0000000183	0	OPEN	2026-05-31 10:28:31.604811	2026-05-31 10:28:31.604811
184	경남아구찜 천안점	KOREAN	충청남도 천안시 서북구 서부12길 27	NULL	00000	44133	36.82071757	127.1391646	00000000	1	관리자	0000000184	0	OPEN	2026-05-31 10:28:31.641194	2026-05-31 10:28:31.641194
185	경대컵밥 백석대점	KOREAN	충청남도 천안시 동남구 문암로 77	NULL	00000	44131	36.84165304	127.1813943	00000000	1	관리자	0000000185	0	OPEN	2026-05-31 10:28:31.678824	2026-05-31 10:28:31.678824
186	경복궁 신부점	KOREAN	충청남도 천안시 동남구 천안천7길 38	NULL	00000	44131	36.81827642	127.1513794	00000000	1	관리자	0000000186	0	OPEN	2026-05-31 10:28:31.717287	2026-05-31 10:28:31.717287
187	경복궁개성손만두	KOREAN	충청남도 천안시 서북구 성정중4길 19	NULL	00000	44133	36.82736291	127.1350912	00000000	1	관리자	0000000187	0	OPEN	2026-05-31 10:28:31.773074	2026-05-31 10:28:31.773074
188	경복궁엔타스 천안점	KOREAN	충청남도 천안시 서북구 성정중7길 9	NULL	00000	44133	36.82891472	127.134192	00000000	1	관리자	0000000188	0	OPEN	2026-05-31 10:28:31.815872	2026-05-31 10:28:31.815872
189	경성북어국	KOREAN	충청남도 천안시 서북구 성정공원5로 45	NULL	00000	44133	36.82801163	127.1425505	00000000	1	관리자	0000000189	0	OPEN	2026-05-31 10:28:31.851878	2026-05-31 10:28:31.851878
190	경성안창앤소갈비살	KOREAN	충청남도 천안시 서북구 성정공원5로 45	NULL	00000	44133	36.82801163	127.1425505	00000000	1	관리자	0000000190	0	OPEN	2026-05-31 10:28:31.888359	2026-05-31 10:28:31.888359
191	경성얼큰이칼국수빵만두	KOREAN	충청남도 천안시 서북구 4산단7로 90	NULL	00000	44133	36.86805057	127.1234595	00000000	1	관리자	0000000191	0	OPEN	2026-05-31 10:28:31.922883	2026-05-31 10:28:31.922883
192	경성옥	KOREAN	충청남도 천안시 서북구 한들1로 196	NULL	00000	44133	36.83787104	127.119237	00000000	1	관리자	0000000192	0	OPEN	2026-05-31 10:28:31.960297	2026-05-31 10:28:31.960297
193	경성진갈비	KOREAN	충청남도 천안시 서북구 한들3로 8	NULL	00000	44133	36.82417683	127.1240555	00000000	1	관리자	0000000193	0	OPEN	2026-05-31 10:28:32.000655	2026-05-31 10:28:32.000655
194	경성집	KOREAN	충청남도 천안시 서북구 검은들1길 26	NULL	00000	44133	36.81187963	127.1105947	00000000	1	관리자	0000000194	0	OPEN	2026-05-31 10:28:32.039099	2026-05-31 10:28:32.039099
195	경성한우국밥 천안불당점	KOREAN	충청남도 천안시 서북구 불당1길 49	NULL	00000	44133	36.80418514	127.1079544	00000000	1	관리자	0000000195	0	OPEN	2026-05-31 10:28:32.082435	2026-05-31 10:28:32.082435
196	경화루	KOREAN	충청남도 천안시 서북구 성정두정로 98	NULL	00000	44133	36.83422114	127.1420282	00000000	1	관리자	0000000196	0	OPEN	2026-05-31 10:28:32.118537	2026-05-31 10:28:32.118537
197	경희네식당	KOREAN	충청남도 천안시 동남구 삼성5길 46	NULL	00000	44131	36.76029858	127.1771761	00000000	1	관리자	0000000197	0	OPEN	2026-05-31 10:28:32.158326	2026-05-31 10:28:32.158326
198	계경목장	KOREAN	충청남도 천안시 동남구 문암로 66	NULL	00000	44131	36.84060103	127.1807884	00000000	1	관리자	0000000198	0	OPEN	2026-05-31 10:28:32.212984	2026-05-31 10:28:32.212984
199	계곡가든	KOREAN	충청남도 천안시 동남구 덕전1길 119	NULL	00000	44131	36.80725682	127.2130585	00000000	1	관리자	0000000199	0	OPEN	2026-05-31 10:28:32.253703	2026-05-31 10:28:32.253703
200	계룡닭갈비앤닭보쌈	KOREAN	충청남도 천안시 서북구 불당대로 260	NULL	00000	44133	36.79958894	127.1241281	00000000	1	관리자	0000000200	0	OPEN	2026-05-31 10:28:32.290481	2026-05-31 10:28:32.290481
